Pos	Peptide	Identity	Allele	Aff	Stab	Tcell	Comb	%Rank	Epitopes
0	YLKIGTLLV	PEPLIST	HLA-A02:01	0.619	0.621	-0.042	0.553	1.50	1
0	KLLRRPFSL	PEPLIST	HLA-A02:01	0.756	0.696	0.061	0.677	0.50	1
0	FVSALCMFL	PEPLIST	HLA-A02:01	0.711	0.639	0.052	0.634	0.80	1
0	GESVPGIEE	PEPLIST	HLA-A02:01	0.028	0.005	0.078	0.029	50.00	0
0	CLMSSTPRL	PEPLIST	HLA-A02:01	0.766	0.754	0.020	0.689	0.50	1
0	LLLLLPPAL	PEPLIST	HLA-A02:01	0.688	0.592	0.150	0.619	1.00	1
0	SLAPCFCLS	PEPLIST	HLA-A02:01	0.366	0.112	0.122	0.301	6.00	0
0	KIQEILTQV	PEPLIST	HLA-A02:01	0.700	0.588	-0.045	0.608	1.00	1
0	YIWIKNLET	PEPLIST	HLA-A02:01	0.456	0.206	-0.010	0.369	5.00	0
0	GQHPTNPNL	PEPLIST	HLA-A02:01	0.191	0.100	0.172	0.175	15.00	0
0	GMPPHMLPV	PEPLIST	HLA-A02:01	0.751	0.506	0.145	0.651	0.80	1
0	GLYLSQIAV	PEPLIST	HLA-A02:01	0.691	0.593	-0.106	0.596	1.50	1
0	KLTGDENFT	PEPLIST	HLA-A02:01	0.222	0.106	0.083	0.190	15.00	0
0	VLLLDVTPL	PEPLIST	HLA-A02:01	0.701	0.533	0.054	0.609	1.00	1
0	IVGILLVLM	PEPLIST	HLA-A02:01	0.192	0.092	-0.028	0.154	15.00	0
0	FTLRHIIGL	PEPLIST	HLA-A02:01	0.678	0.376	-0.059	0.556	1.50	1
0	YCCIRVFLA	PEPLIST	HLA-A02:01	0.168	0.157	-0.072	0.142	15.00	0
0	AIIGLCAYA	PEPLIST	HLA-A02:01	0.562	0.642	0.086	0.527	2.00	1
0	RMFAANLGV	PEPLIST	HLA-A02:01	0.802	0.764	0.141	0.730	0.25	1
0	AGLGQVPLI	PEPLIST	HLA-A02:01	0.142	0.161	0.138	0.145	15.00	0
0	ALHYYYLCL	PEPLIST	HLA-A02:01	0.539	0.613	-0.191	0.478	3.00	0
0	YIVDPTFQL	PEPLIST	HLA-A02:01	0.796	0.535	-0.034	0.671	0.80	1
0	FMYIESIKV	PEPLIST	HLA-A02:01	0.808	0.848	-0.197	0.714	0.30	1
0	SMDTLLFFL	PEPLIST	HLA-A02:01	0.849	0.681	-0.102	0.727	0.25	1
0	TMFKIVYSL	PEPLIST	HLA-A02:01	0.804	0.808	-0.206	0.704	0.40	1
0	LLWQDPVPA	PEPLIST	HLA-A02:01	0.703	0.700	0.114	0.644	0.80	1
0	FLSNGHVTI	PEPLIST	HLA-A02:01	0.730	0.814	0.159	0.686	0.50	1
0	AVVSTQLIM	PEPLIST	HLA-A02:01	0.138	0.028	-0.075	0.099	32.00	0
0	ILSLFLISL	PEPLIST	HLA-A02:01	0.659	0.724	-0.159	0.588	1.50	1
0	ALKNNGKVV	PEPLIST	HLA-A02:01	0.114	0.138	0.132	0.120	20.00	0
0	ATYGVWPPV	PEPLIST	HLA-A02:01	0.755	0.598	0.231	0.677	0.50	1
0	MVNTVLITV	PEPLIST	HLA-A02:01	0.685	0.725	-0.044	0.619	1.00	1
0	VQYIKFIFL	PEPLIST	HLA-A02:01	0.412	0.234	-0.364	0.306	6.00	0
0	GIFCFRILL	PEPLIST	HLA-A02:01	0.486	0.252	-0.076	0.392	4.00	0
0	QLWPEEIGV	PEPLIST	HLA-A02:01	0.708	0.731	0.142	0.655	0.80	1
0	GLADVFAEL	PEPLIST	HLA-A02:01	0.841	0.654	0.018	0.729	0.25	1
0	DLIDYIYGI	PEPLIST	HLA-A02:01	0.735	0.539	-0.274	0.603	1.00	1
0	TMLSIILVI	PEPLIST	HLA-A02:01	0.684	0.584	-0.187	0.581	1.50	1
0	SLFNAVVTL	PEPLIST	HLA-A02:01	0.730	0.890	0.107	0.693	0.40	1
0	KLLKMVTSV	PEPLIST	HLA-A02:01	0.829	0.866	-0.020	0.750	0.15	1
0	VLYPVIFIT	PEPLIST	HLA-A02:01	0.625	0.540	-0.171	0.532	2.00	1
0	YLVLGIALL	PEPLIST	HLA-A02:01	0.750	0.686	0.025	0.667	0.80	1
0	VLLAQSVAV	PEPLIST	HLA-A02:01	0.768	0.875	0.069	0.715	0.30	1
0	FIDSNEYEV	PEPLIST	HLA-A02:01	0.825	0.605	0.028	0.710	0.40	1
0	GLTADARLL	PEPLIST	HLA-A02:01	0.253	0.128	0.104	0.218	9.00	0
0	WLNSATALI	PEPLIST	HLA-A02:01	0.661	0.695	0.069	0.607	1.00	1
0	YLPISILNV	PEPLIST	HLA-A02:01	0.768	0.669	-0.169	0.658	0.80	1
0	LLSLLVIWI	PEPLIST	HLA-A02:01	0.563	0.569	0.017	0.509	2.00	1
0	YATVEVPSL	PEPLIST	HLA-A02:01	0.245	0.148	0.146	0.220	9.00	0
0	VLAELVRQI	PEPLIST	HLA-A02:01	0.609	0.490	0.143	0.543	2.00	1
0	YLLALRYLA	PEPLIST	HLA-A02:01	0.772	0.705	0.032	0.687	0.50	1
0	LLPLGYPFV	PEPLIST	HLA-A02:01	0.748	0.627	0.005	0.654	0.80	1
0	LMIEYNLLT	PEPLIST	HLA-A02:01	0.696	0.452	-0.004	0.587	1.50	1
0	NLVQDVQPV	PEPLIST	HLA-A02:01	0.651	0.579	0.038	0.578	1.50	1
0	FAIEALAKA	PEPLIST	HLA-A02:01	0.558	0.156	0.097	0.448	3.00	0
0	AMYVAIQAV	PEPLIST	HLA-A02:01	0.771	0.813	-0.038	0.697	0.40	1
0	VQMPTAEST	PEPLIST	HLA-A02:01	0.160	0.041	0.118	0.137	15.00	0
0	EVREKHEFL	PEPLIST	HLA-A02:01	0.056	0.010	0.094	0.052	50.00	0
0	FVILYLLAV	PEPLIST	HLA-A02:01	0.780	0.654	-0.059	0.676	0.50	1
0	LIVGILLVL	PEPLIST	HLA-A02:01	0.418	0.352	0.010	0.367	5.00	0
0	VLHHNVITL	PEPLIST	HLA-A02:01	0.552	0.752	0.038	0.533	2.00	1
0	TQYLDFLLL	PEPLIST	HLA-A02:01	0.379	0.051	-0.090	0.280	7.00	0
0	GLMTAVYLV	PEPLIST	HLA-A02:01	0.904	0.921	-0.009	0.815	0.05	1
0	GILLVLMAV	PEPLIST	HLA-A02:01	0.597	0.548	0.071	0.537	2.00	1
0	ILLSIARVV	PEPLIST	HLA-A02:01	0.539	0.643	-0.025	0.499	2.00	1
0	FLHTTFIDV	PEPLIST	HLA-A02:01	0.743	0.661	-0.173	0.638	0.80	1
0	HQMSSCFLL	PEPLIST	HLA-A02:01	0.679	0.435	-0.041	0.568	1.50	1
0	ILDPKTGLV	PEPLIST	HLA-A02:01	0.638	0.526	0.079	0.564	1.50	1
0	RLYELLHGA	PEPLIST	HLA-A02:01	0.826	0.816	0.127	0.754	0.15	1
0	TEVGQDQYV	PEPLIST	HLA-A02:01	0.057	0.074	-0.012	0.053	50.00	0
0	SLITSGLFI	PEPLIST	HLA-A02:01	0.583	0.404	-0.040	0.492	3.00	0
0	NIYDLFVWM	PEPLIST	HLA-A02:01	0.446	0.108	-0.026	0.345	5.00	0
0	RLEARIAQL	PEPLIST	HLA-A02:01	0.433	0.253	0.034	0.364	5.00	0
0	LLGAAMVGA	PEPLIST	HLA-A02:01	0.533	0.378	0.149	0.470	3.00	0
0	YLLKINAYM	PEPLIST	HLA-A02:01	0.799	0.831	-0.096	0.715	0.30	1
0	VAMSLTVGA	PEPLIST	HLA-A02:01	0.332	0.052	0.042	0.258	7.00	0
0	SQFTCSLAV	PEPLIST	HLA-A02:01	0.699	0.430	0.048	0.591	1.50	1
0	IILWFFNAM	PEPLIST	HLA-A02:01	0.357	0.129	0.010	0.286	7.00	0
0	AIADLLKSV	PEPLIST	HLA-A02:01	0.632	0.515	-0.010	0.549	1.50	1
0	ALVLLMLPV	PEPLIST	HLA-A02:01	0.674	0.659	0.065	0.611	1.00	1
0	RLTEELNTI	PEPLIST	HLA-A02:01	0.602	0.671	0.154	0.568	1.50	1
0	YIIDWMVDI	PEPLIST	HLA-A02:01	0.795	0.589	0.047	0.687	0.50	1
0	ILQAHLHSL	PEPLIST	HLA-A02:01	0.753	0.780	0.122	0.694	0.40	1
0	LLLSNLAIV	PEPLIST	HLA-A02:01	0.770	0.855	0.011	0.708	0.40	1
0	YMFFVIKNL	PEPLIST	HLA-A02:01	0.768	0.675	-0.168	0.660	0.80	1
0	TVYDINNEV	PEPLIST	HLA-A02:01	0.664	0.357	-0.039	0.545	2.00	1
0	MIVAWFLLL	PEPLIST	HLA-A02:01	0.643	0.186	0.090	0.515	2.00	1
0	LNFPGSQKV	PEPLIST	HLA-A02:01	0.101	0.131	0.048	0.101	32.00	0
0	YVLYLLESL	PEPLIST	HLA-A02:01	0.674	0.461	-0.023	0.570	1.50	1
0	ALLSRFFNM	PEPLIST	HLA-A02:01	0.684	0.534	-0.092	0.582	1.50	1
0	MLIASTLIV	PEPLIST	HLA-A02:01	0.778	0.775	-0.069	0.693	0.40	1
0	VLDSEIVLV	PEPLIST	HLA-A02:01	0.798	0.817	-0.036	0.718	0.30	1
0	SLLRSPENV	PEPLIST	HLA-A02:01	0.604	0.583	0.151	0.555	1.50	1
0	LLSKINSLA	PEPLIST	HLA-A02:01	0.477	0.497	-0.100	0.422	4.00	0
0	KMMLFYMDL	PEPLIST	HLA-A02:01	0.714	0.410	-0.173	0.577	1.50	1
0	DLITVTATL	PEPLIST	HLA-A02:01	0.314	0.359	0.012	0.291	6.00	0
0	FIWFIFHFV	PEPLIST	HLA-A02:01	0.868	0.877	-0.233	0.759	0.15	1
0	RTNDWDFVV	PEPLIST	HLA-A02:01	0.545	0.435	0.025	0.475	3.00	0
0	VMLEMLNYV	PEPLIST	HLA-A02:01	0.901	0.817	0.045	0.802	0.05	1
0	KVYDKLFPV	PEPLIST	HLA-A02:01	0.919	0.876	-0.092	0.811	0.05	1
0	FIKGFLYHT	PEPLIST	HLA-A02:01	0.374	0.227	-0.059	0.307	6.00	0
0	DQVPFSVSV	PEPLIST	HLA-A02:01	0.238	0.080	-0.019	0.187	15.00	0
0	FIKQILDGV	PEPLIST	HLA-A02:01	0.534	0.350	-0.084	0.443	3.00	0
0	ALIKKYPKL	PEPLIST	HLA-A02:01	0.562	0.747	-0.127	0.523	2.00	1
0	ILALCIIFV	PEPLIST	HLA-A02:01	0.782	0.863	-0.141	0.703	0.40	1
0	LLVAPMPTA	PEPLIST	HLA-A02:01	0.556	0.486	0.132	0.502	2.00	1
0	SIMSTESIT	PEPLIST	HLA-A02:01	0.145	0.044	-0.056	0.109	20.00	0
0	ELNTSLQDI	PEPLIST	HLA-A02:01	0.129	0.060	-0.018	0.103	20.00	0
0	ILINHGFYI	PEPLIST	HLA-A02:01	0.831	0.859	-0.009	0.751	0.15	1
0	YLFNAIETM	PEPLIST	HLA-A02:01	0.778	0.881	0.002	0.717	0.30	1
0	GLYRQWALA	PEPLIST	HLA-A02:01	0.494	0.388	0.142	0.442	3.00	0
0	YVYYNLFLL	PEPLIST	HLA-A02:01	0.802	0.701	-0.123	0.693	0.40	1
0	LLLWPLYVL	PEPLIST	HLA-A02:01	0.722	0.756	0.112	0.666	0.80	1
0	GVFHTMWHV	PEPLIST	HLA-A02:01	0.784	0.735	0.110	0.709	0.40	1
0	TLANFLCLL	PEPLIST	HLA-A02:01	0.744	0.763	0.054	0.678	0.50	1
0	KLSSFFQSV	PEPLIST	HLA-A02:01	0.849	0.760	-0.198	0.730	0.25	1
0	FFWQVLEAV	PEPLIST	HLA-A02:01	0.536	0.504	0.138	0.491	3.00	0
0	AMGPRPHSV	PEPLIST	HLA-A02:01	0.616	0.649	0.193	0.579	1.50	1
0	IAGPGTITL	PEPLIST	HLA-A02:01	0.188	0.053	0.033	0.151	15.00	0
0	RLPRYLACL	PEPLIST	HLA-A02:01	0.588	0.685	0.061	0.551	1.50	1
0	YLLADTFTV	PEPLIST	HLA-A02:01	0.932	0.946	-0.050	0.836	0.01	1
0	AMAGSPVFL	PEPLIST	HLA-A02:01	0.712	0.607	0.084	0.632	0.80	1
0	YQLAVTIMA	PEPLIST	HLA-A02:01	0.657	0.649	-0.027	0.587	1.50	1
0	YLEPGAVTA	PEPLIST	HLA-A02:01	0.520	0.330	0.191	0.457	3.00	0
0	SLPRSRTPI	PEPLIST	HLA-A02:01	0.247	0.096	0.107	0.209	10.00	0
0	LVFPLVMGV	PEPLIST	HLA-A02:01	0.738	0.615	0.093	0.654	0.80	1
0	YLPEVISTI	PEPLIST	HLA-A02:01	0.832	0.861	-0.015	0.752	0.15	1
0	YIISGDLPV	PEPLIST	HLA-A02:01	0.822	0.637	0.030	0.713	0.30	1
0	RDNLMWYEL	PEPLIST	HLA-A02:01	0.100	0.028	0.066	0.085	32.00	0
0	CLALIAWRV	PEPLIST	HLA-A02:01	0.682	0.668	0.072	0.619	1.00	1
0	ILVVSLLLV	PEPLIST	HLA-A02:01	0.625	0.741	0.051	0.586	1.50	1
0	PTLDKVLEV	PEPLIST	HLA-A02:01	0.254	0.189	0.038	0.222	9.00	0
0	HQLGGVVEV	PEPLIST	HLA-A02:01	0.729	0.495	0.211	0.640	0.80	1
0	ALQAIELQL	PEPLIST	HLA-A02:01	0.546	0.318	-0.003	0.455	3.00	0
0	ALISAFSGS	PEPLIST	HLA-A02:01	0.275	0.111	-0.071	0.214	9.00	0
0	AQLLTEFAI	PEPLIST	HLA-A02:01	0.432	0.211	0.020	0.355	5.00	0
0	SLYNAVATL	PEPLIST	HLA-A02:01	0.639	0.854	0.113	0.621	1.00	1
0	FLVDAIVRV	PEPLIST	HLA-A02:01	0.904	0.933	-0.016	0.817	0.05	1
0	KLSHQPVLL	PEPLIST	HLA-A02:01	0.597	0.758	0.115	0.575	1.50	1
0	SLDPTTSPV	PEPLIST	HLA-A02:01	0.768	0.782	0.049	0.698	0.40	1
0	MWYELSKIN	PEPLIST	HLA-A02:01	0.043	0.011	-0.057	0.028	50.00	0
0	AIISGDSPV	PEPLIST	HLA-A02:01	0.616	0.464	0.002	0.530	2.00	1
0	SSADVEFCL	PEPLIST	HLA-A02:01	0.255	0.082	0.050	0.207	10.00	0
0	YMNGTMSQV	PEPLIST	HLA-A02:01	0.790	0.848	0.033	0.724	0.30	1
0	YLLSLFSTL	PEPLIST	HLA-A02:01	0.849	0.825	-0.100	0.750	0.15	1
0	NLPGCSFSI	PEPLIST	HLA-A02:01	0.627	0.415	0.045	0.535	2.00	1
0	GIEGFVFTL	PEPLIST	HLA-A02:01	0.476	0.317	-0.042	0.399	4.00	0
0	FLTYLDVSV	PEPLIST	HLA-A02:01	0.800	0.833	-0.081	0.717	0.30	1
0	YIAEVLVSV	PEPLIST	HLA-A02:01	0.881	0.884	0.126	0.806	0.05	1
0	YLYDRLLRV	PEPLIST	HLA-A02:01	0.891	0.939	0.043	0.814	0.05	1
0	MPGEATETV	PEPLIST	HLA-A02:01	0.118	0.099	0.154	0.119	20.00	0
0	LGGLGLFFA	PEPLIST	HLA-A02:01	0.134	0.021	-0.011	0.101	20.00	0
0	MGLPGVATV	PEPLIST	HLA-A02:01	0.354	0.143	0.176	0.302	6.00	0
0	LMLWASSSI	PEPLIST	HLA-A02:01	0.710	0.781	0.096	0.660	0.80	1
0	RLDQKLYAS	PEPLIST	HLA-A02:01	0.292	0.265	-0.073	0.251	8.00	0
0	FLLSLGIHI	PEPLIST	HLA-A02:01	0.785	0.753	-0.008	0.701	0.40	1
0	ILNDSGETV	PEPLIST	HLA-A02:01	0.641	0.784	0.076	0.607	1.00	1
0	AMQAAELPV	PEPLIST	HLA-A02:01	0.705	0.548	0.175	0.627	0.80	1
0	KLPQLCTEV	PEPLIST	HLA-A02:01	0.685	0.824	0.112	0.650	0.80	1
0	AMFWSVPTV	PEPLIST	HLA-A02:01	0.869	0.933	0.124	0.805	0.05	1
0	YLVGNVCIL	PEPLIST	HLA-A02:01	0.702	0.800	0.136	0.661	0.80	1
0	GILGFIFTL	PEPLIST	HLA-A02:01	0.783	0.748	-0.183	0.681	0.50	1
0	AKKLHFSTA	PEPLIST	HLA-A02:01	0.044	0.012	-0.046	0.030	50.00	0
0	AMLGHAGDM	PEPLIST	HLA-A02:01	0.227	0.048	0.188	0.194	10.00	0
0	FLLDILGAT	PEPLIST	HLA-A02:01	0.746	0.528	-0.029	0.634	0.80	1
0	TLFTIVGTV	PEPLIST	HLA-A02:01	0.641	0.743	-0.059	0.587	1.50	1
0	FLNVLFPLL	PEPLIST	HLA-A02:01	0.789	0.770	0.035	0.711	0.40	1
0	LLLHSLTPL	PEPLIST	HLA-A02:01	0.817	0.821	0.068	0.743	0.20	1
0	WLLQITVLL	PEPLIST	HLA-A02:01	0.703	0.869	-0.079	0.651	0.80	1
0	ILKEPVHGV	PEPLIST	HLA-A02:01	0.595	0.615	0.205	0.559	1.50	1
0	AAMASASLV	PEPLIST	HLA-A02:01	0.432	0.114	0.047	0.343	5.00	0
0	FLFLRNFSL	PEPLIST	HLA-A02:01	0.835	0.783	-0.011	0.742	0.20	1
0	TLHEYMLDV	PEPLIST	HLA-A02:01	0.700	0.508	-0.026	0.597	1.50	1
0	FLYALALLL	PEPLIST	HLA-A02:01	0.797	0.709	0.082	0.711	0.40	1
0	AVAGAAILV	PEPLIST	HLA-A02:01	0.510	0.426	0.072	0.453	3.00	0
0	MINPLVITT	PEPLIST	HLA-A02:01	0.322	0.217	0.017	0.275	7.00	0
0	FTNHFLVEL	PEPLIST	HLA-A02:01	0.663	0.575	0.053	0.588	1.50	1
0	KLSDYEGRL	PEPLIST	HLA-A02:01	0.555	0.390	0.019	0.475	3.00	0
0	ALLNIKVKL	PEPLIST	HLA-A02:01	0.545	0.806	-0.062	0.526	2.00	1
0	LITGRLQSL	PEPLIST	HLA-A02:01	0.289	0.255	0.094	0.264	7.00	0
0	YIIFVYIPL	PEPLIST	HLA-A02:01	0.736	0.575	-0.223	0.614	1.00	1
0	GLLGNVSTV	PEPLIST	HLA-A02:01	0.736	0.898	0.113	0.700	0.40	1
0	ALYGSVPVL	PEPLIST	HLA-A02:01	0.725	0.824	0.104	0.679	0.50	1
0	VLIAGIILL	PEPLIST	HLA-A02:01	0.784	0.744	-0.112	0.688	0.50	1
0	KMVAVFYTT	PEPLIST	HLA-A02:01	0.629	0.439	-0.072	0.528	2.00	1
0	FIDQYYSSI	PEPLIST	HLA-A02:01	0.646	0.439	-0.210	0.527	2.00	1
0	LVWMACHSA	PEPLIST	HLA-A02:01	0.408	0.658	0.148	0.422	4.00	0
0	PYLFWLAAI	PEPLIST	HLA-A02:01	0.109	0.018	0.091	0.093	32.00	0
0	ILIEGIFFV	PEPLIST	HLA-A02:01	0.941	0.929	-0.130	0.832	0.03	1
0	EMPPHIYAI	PEPLIST	HLA-A02:01	0.433	0.101	-0.032	0.333	5.00	0
0	NLNCCSVPV	PEPLIST	HLA-A02:01	0.744	0.776	0.185	0.693	0.40	1
0	SLYQLENYC	PEPLIST	HLA-A02:01	0.280	0.286	0.014	0.254	8.00	0
0	RLLQTGIHV	PEPLIST	HLA-A02:01	0.593	0.850	-0.015	0.573	1.50	1
0	FLVIAINAM	PEPLIST	HLA-A02:01	0.536	0.273	-0.093	0.431	3.00	0
0	LIFGHLPRV	PEPLIST	HLA-A02:01	0.810	0.898	0.161	0.759	0.15	1
0	RALAETSYV	PEPLIST	HLA-A02:01	0.438	0.290	0.026	0.373	4.00	0
0	SLILVSQYT	PEPLIST	HLA-A02:01	0.411	0.325	-0.068	0.349	5.00	0
0	GLVFRFSEV	PEPLIST	HLA-A02:01	0.599	0.465	-0.087	0.509	2.00	1
0	SLLQGSPHL	PEPLIST	HLA-A02:01	0.754	0.784	0.108	0.694	0.40	1
0	FMLYLVTLM	PEPLIST	HLA-A02:01	0.763	0.595	-0.041	0.656	0.80	1
0	SLAVVSTQL	PEPLIST	HLA-A02:01	0.547	0.378	0.044	0.470	3.00	0
0	SLYNTVAAL	PEPLIST	HLA-A02:01	0.610	0.742	0.094	0.580	1.50	1
0	GVLDAVWRV	PEPLIST	HLA-A02:01	0.818	0.836	0.163	0.755	0.15	1
0	GLAGGAATA	PEPLIST	HLA-A02:01	0.484	0.295	0.201	0.425	4.00	0
0	QMARLAWEA	PEPLIST	HLA-A02:01	0.567	0.202	0.224	0.474	3.00	0
0	LIVDAVLQL	PEPLIST	HLA-A02:01	0.539	0.346	0.067	0.461	3.00	0
0	TLTSYWRRV	PEPLIST	HLA-A02:01	0.420	0.494	0.046	0.394	4.00	0
0	MVLNAMAWL	PEPLIST	HLA-A02:01	0.624	0.270	0.166	0.522	2.00	1
0	TLNAWVKVV	PEPLIST	HLA-A02:01	0.501	0.579	0.179	0.481	3.00	0
0	TLATIAWMV	PEPLIST	HLA-A02:01	0.825	0.792	0.019	0.739	0.20	1
0	FQANTPPAV	PEPLIST	HLA-A02:01	0.742	0.616	0.169	0.665	0.80	1
0	LVIGMPPPV	PEPLIST	HLA-A02:01	0.730	0.665	0.141	0.661	0.80	1
0	SIDCYLLAI	PEPLIST	HLA-A02:01	0.607	0.223	0.023	0.487	3.00	0
0	RMLPHAPGV	PEPLIST	HLA-A02:01	0.813	0.797	0.222	0.751	0.15	1
0	QLLVSLWGL	PEPLIST	HLA-A02:01	0.734	0.662	0.146	0.664	0.80	1
0	AVGSYVYSV	PEPLIST	HLA-A02:01	0.769	0.540	-0.143	0.641	0.80	1
0	AAAGFLFCV	PEPLIST	HLA-A02:01	0.650	0.557	-0.020	0.568	1.50	1
0	ELMTLATWV	PEPLIST	HLA-A02:01	0.564	0.225	0.091	0.462	3.00	0
0	LMIGTAAAV	PEPLIST	HLA-A02:01	0.739	0.762	0.117	0.680	0.50	1
0	DLKPDNILL	PEPLIST	HLA-A02:01	0.117	0.024	-0.011	0.089	32.00	0
0	SLYFGGICV	PEPLIST	HLA-A02:01	0.665	0.718	-0.042	0.603	1.00	1
0	WLSDCGEAL	PEPLIST	HLA-A02:01	0.605	0.364	0.169	0.523	2.00	1
0	ATWAENIQV	PEPLIST	HLA-A02:01	0.543	0.393	0.076	0.472	3.00	0
0	YMDDVVLGA	PEPLIST	HLA-A02:01	0.837	0.678	0.080	0.736	0.25	1
0	WLDEVKQAL	PEPLIST	HLA-A02:01	0.638	0.362	0.078	0.538	2.00	1
0	YVFTLLVSL	PEPLIST	HLA-A02:01	0.723	0.684	0.005	0.645	0.80	1
0	KLFSDISAI	PEPLIST	HLA-A02:01	0.804	0.710	-0.155	0.693	0.40	1
0	MLMETMFFI	PEPLIST	HLA-A02:01	0.941	0.894	-0.081	0.831	0.03	1
0	FLDRALLTL	PEPLIST	HLA-A02:01	0.772	0.822	0.096	0.712	0.40	1
0	MLLALIAVL	PEPLIST	HLA-A02:01	0.766	0.681	0.012	0.677	0.50	1
0	ELLRPTTLV	PEPLIST	HLA-A02:01	0.328	0.223	0.094	0.288	6.00	0
0	YLAPQWEPV	PEPLIST	HLA-A02:01	0.868	0.842	0.232	0.800	0.05	1
0	FIYLALLEA	PEPLIST	HLA-A02:01	0.665	0.389	0.081	0.562	1.50	1
0	YLYDRLLRI	PEPLIST	HLA-A02:01	0.848	0.910	0.043	0.777	0.10	1
0	RLITVNPIV	PEPLIST	HLA-A02:01	0.725	0.841	0.013	0.672	0.50	1
0	YQWQWVPAV	PEPLIST	HLA-A02:01	0.921	0.891	0.218	0.846	0.01	1
0	VLASPSVPL	PEPLIST	HLA-A02:01	0.689	0.465	0.084	0.593	1.50	1
0	KASEKIFYV	PEPLIST	HLA-A02:01	0.779	0.552	-0.187	0.646	0.80	1
0	SGDGLVATG	PEPLIST	HLA-A02:01	0.038	0.010	0.126	0.042	50.00	0
0	SLMDLLSSL	PEPLIST	HLA-A02:01	0.881	0.828	-0.027	0.782	0.07	1
0	VLIEGKCFV	PEPLIST	HLA-A02:01	0.814	0.864	0.071	0.748	0.17	1
0	SVYALGFGV	PEPLIST	HLA-A02:01	0.718	0.291	0.050	0.583	1.50	1
0	GLLPFHSTL	PEPLIST	HLA-A02:01	0.670	0.637	0.002	0.598	1.50	1
0	LVLILYLCV	PEPLIST	HLA-A02:01	0.410	0.421	-0.120	0.359	5.00	0
0	FLSSANEHL	PEPLIST	HLA-A02:01	0.738	0.664	0.128	0.665	0.80	1
0	VPILLKALY	PEPLIST	HLA-A02:01	0.042	0.005	0.013	0.033	50.00	0
0	LLDFVRMGV	PEPLIST	HLA-A02:01	0.637	0.509	0.008	0.554	1.50	1
